{"gemini:gemini-2.5-flash": 1784303403.1660912, "gemini:gemini-3-flash-preview": 1784303672.4169023, "github:openai/gpt-4.1": 1784318465.4902642, "github:openai/gpt-4.1-mini": 1784318465.4902642, "github:openai/gpt-4o": 1784318465.4902642, "github:openai/gpt-4o-mini": 1784318465.4902642}