{"github:openai/gpt-4.1": 1784594745.2723196, "github:openai/gpt-4.1-mini": 1784590183.8210473, "github:openai/gpt-4o": 1784594745.2723196, "github:openai/gpt-4o-mini": 1784590183.8210473}