{"github:deepseek/DeepSeek-V3-0324": 1782607669.8370125, "github:openai/gpt-4.1": 1782606800.1093464, "github:openai/gpt-4.1-mini": 1782606800.1093464, "github:openai/gpt-4o": 1782606800.1093464, "github:openai/gpt-4o-mini": 1782606800.1093464}