{"github:openai/gpt-4.1": 1783569692.1752796, "github:openai/gpt-4.1-mini": 1783573326.6125107, "github:openai/gpt-4o": 1783569692.1752796, "github:openai/gpt-4o-mini": 1783573326.6125107}