{"gemini:gemini-3-flash-preview": 1783371785.4787261, "github:openai/gpt-4.1-mini": 1783370928.1416495, "github:openai/gpt-4o-mini": 1783370928.1416495}