{"gemini:gemini-3-flash-preview": 1783569855.262204, "github:openai/gpt-4.1-mini": 1783573326.6125107, "github:openai/gpt-4o-mini": 1783573326.6125107}