{"gemini:gemini-2.5-flash": 1783559779.1356566, "gemini:gemini-3-flash-preview": 1783558007.361318, "github:openai/gpt-4.1": 1783569692.1752796, "github:openai/gpt-4.1-mini": 1783573326.6125107, "github:openai/gpt-4o": 1783569692.1752796, "github:openai/gpt-4o-mini": 1783573326.6125107}