{"github:deepseek/DeepSeek-V3-0324": 1781911916.5766153, "github:mistral-ai/Mistral-Large-2411": 1781919047.1857452, "github:openai/gpt-4.1": 1781906459.7926486, "github:openai/gpt-4.1-mini": 1781906459.7926486, "github:openai/gpt-4o": 1781906459.7926486, "github:openai/gpt-4o-mini": 1781906459.7926486}