{"gemini:gemini-2.5-flash": 1784740550.6507208, "gemini:gemini-3-flash-preview": 1784738810.6507208, "github:openai/gpt-4.1": 1784746933.5144582, "github:openai/gpt-4o": 1784746933.5144582}