{"gemini:gemini-3-flash-preview": 1783034146.4522164, "github:openai/gpt-4.1": 1783035172.4348767}