{"gemini:gemini-2.5-flash": 1783555344.9204977, "gemini:gemini-3-flash-preview": 1783555344.9204977, "github:openai/gpt-4.1": 1783569692.1752796, "github:openai/gpt-4.1-mini": 1783573326.6125107, "github:openai/gpt-4o": 1783569692.1752796, "github:openai/gpt-4o-mini": 1783573326.6125107}