{"gemini:gemini-3-flash-preview": 1783458161.1096606, "github:openai/gpt-4.1": 1783479701.1096606}