{"github:deepseek/DeepSeek-V3-0324": 1781911916.5766153, "github:meta/Llama-3.3-70B-Instruct": 1781920875.5540805, "github:mistral-ai/Mistral-Large-2411": 1781919047.1857452}