{"gemini:gemini-2.5-flash": 1783984539.0142732, "gemini:gemini-3-flash-preview": 1783983872.5724235, "github:openai/gpt-4.1": 1783989954.5923457, "github:openai/gpt-4o": 1783989954.5923457}