{"gemini:gemini-2.5-flash": 1783351056.4209626, "gemini:gemini-3-flash-preview": 1783350945.240475, "github:openai/gpt-4.1": 1783360224.5850072, "github:openai/gpt-4.1-mini": 1783370928.1416495, "github:openai/gpt-4o": 1783360224.5850072, "github:openai/gpt-4o-mini": 1783370928.1416495}