{"gemini:gemini-3-flash-preview": 1783289750.600936, "github:openai/gpt-4.1": 1783296069.3262901, "github:openai/gpt-4o": 1783296069.3262901}