{"gemini:gemini-3-flash-preview": 1783489542.0740113, "github:openai/gpt-4.1": 1783505801.9201436}