{"github:openai/gpt-4.1": 1783964765.2840607, "github:openai/gpt-4o": 1783964765.2840607}