{"gemini:gemini-3-flash-preview": 1783534191.4299304, "github:openai/gpt-4.1-mini": 1783539065.7842348, "github:openai/gpt-4o-mini": 1783539065.7842348}