{"github:openai/gpt-4.1": 1783832535.7754354, "github:openai/gpt-4o": 1783832535.7754354}