{"github:openai/gpt-4.1": 1784467179.8546548, "github:openai/gpt-4o": 1784467179.8546548}