{"gemini:gemini-2.5-flash": 1782825416.5560997, "gemini:gemini-3-flash-preview": 1782824659.6464767, "github:openai/gpt-4.1": 1782829849.999786, "github:openai/gpt-4o": 1782829849.999786}