{"openai/gpt-4.1": 1781728093.271743, "openai/gpt-4.1-mini": 1781746309.3124044, "openai/gpt-4o": 1781746309.3124044, "openai/gpt-4o-mini": 1781746309.3124044}