{"gemini:gemini-2.5-flash": 1783514810.6177442, "gemini:gemini-3-flash-preview": 1783514810.6177442, "github:openai/gpt-4.1": 1783531283.7045743, "github:openai/gpt-4o": 1783531283.7045743}