{"gemini:gemini-3-flash-preview": 1784752529.4111085, "github:openai/gpt-4.1-mini": 1784767562.0856428, "github:openai/gpt-4o-mini": 1784767562.0856428}