{"github:deepseek/DeepSeek-V3-0324": 1782185650.5280983, "github:openai/gpt-4.1": 1782182872.9857037, "github:openai/gpt-4.1-mini": 1782182872.9857037, "github:openai/gpt-4o": 1782182872.9857037, "github:openai/gpt-4o-mini": 1782182872.9857037}