{"gemini:gemini-2.5-flash": 1784141212.4133282, "gemini:gemini-3-flash-preview": 1784142952.4133282, "github:openai/gpt-4.1": 1784146553.8128471, "github:openai/gpt-4o": 1784146553.8128471}