{"gemini:gemini-3-flash-preview": 1783416008.3308706, "github:openai/gpt-4.1": 1783418551.2785797, "github:openai/gpt-4o": 1783418551.2785797}