{"gemini:gemini-3-flash-preview": 1782989152.0768995, "github:openai/gpt-4.1": 1783000474.4055288}