{"gemini:gemini-3-flash-preview": 1784640685.9484854, "github:openai/gpt-4.1": 1784661358.0604408, "github:openai/gpt-4.1-mini": 1784661358.0604408, "github:openai/gpt-4o": 1784661358.0604408, "github:openai/gpt-4o-mini": 1784661358.0604408}