{"gemini:gemini-2.5-flash": 1782857823.446056, "gemini:gemini-3-flash-preview": 1782856848.934108, "github:openai/gpt-4.1": 1782856912.4545755, "github:openai/gpt-4.1-mini": 1782867663.9800148, "github:openai/gpt-4o": 1782859150.6010392, "github:openai/gpt-4o-mini": 1782867663.9800148}