{"gemini:gemini-2.5-flash": 1782851609.2465243, "gemini:gemini-3-flash-preview": 1782850761.157922, "github:openai/gpt-4.1": 1782856912.4545755, "github:openai/gpt-4.1-mini": 1782867663.9800148, "github:openai/gpt-4o": 1782859150.6010392, "github:openai/gpt-4o-mini": 1782867663.9800148}