{"github:meta/Llama-3.3-70B-Instruct": 1782073945.33995, "github:mistral-ai/Mistral-Large-2411": 1782073945.33995}