{"gemini:gemini-2.5-flash": 1782675995.3977032, "gemini:gemini-3-flash-preview": 1782675970.363552, "github:openai/gpt-4.1": 1782694010.583108, "github:openai/gpt-4o": 1782694010.583108}