{"gemini:gemini-2.5-flash": 1783407763.6139858, "gemini:gemini-3-flash-preview": 1783408878.3880959, "github:openai/gpt-4.1": 1783418551.2785797, "github:openai/gpt-4o": 1783418551.2785797}