{"github:deepseek/DeepSeek-V3-0324": 1782388916.5345566, "github:openai/gpt-4.1": 1782406887.1502497, "github:openai/gpt-4.1-mini": 1782406887.1502497, "github:openai/gpt-4o": 1782409543.0982192, "github:openai/gpt-4o-mini": 1782406887.1502497}