{"gemini:gemini-3-flash-preview": 1783007312.443248, "github:openai/gpt-4.1": 1783008118.8733385}