{"gemini:gemini-3-flash-preview": 1782984713.7027185, "github:openai/gpt-4.1": 1783000474.4055288}