{"gemini:gemini-3-flash-preview": 1783432187.6363676, "github:openai/gpt-4.1": 1783430569.5482209}