{"github:mistral-ai/Mistral-Large-2411": 1782316902.9575644, "github:openai/gpt-4.1-mini": 1782308804.1554964, "github:openai/gpt-4o-mini": 1782308804.1554964}