{"gemini:gemini-2.5-flash": 1784148339.2368727, "gemini:gemini-3-flash-preview": 1784148407.0237412, "github:openai/gpt-4.1": 1784147881.6908727, "github:openai/gpt-4.1-mini": 1784167271.6311564, "github:openai/gpt-4o-mini": 1784167271.6311564}