{"gemini:gemini-3-flash-preview": 1783504876.8439944, "github:openai/gpt-4.1": 1783505801.9201436}