{"gemini:gemini-2.5-flash": 1782676909.7782295, "gemini:gemini-3-flash-preview": 1782677801.2120576, "github:openai/gpt-4.1": 1782694010.583108, "github:openai/gpt-4o": 1782694010.583108}