{"gemini:gemini-2.5-flash": 1782743469.8840885, "gemini:gemini-3-flash-preview": 1782742596.5610683, "github:openai/gpt-4.1": 1782742565.7710109, "github:openai/gpt-4o": 1782742565.7710109}