{"gemini:gemini-2.5-flash": 1783976605.2018106, "gemini:gemini-3-flash-preview": 1783976539.8174825, "github:openai/gpt-4.1": 1783989954.5923457, "github:openai/gpt-4.1-mini": 1783977363.3935437, "github:openai/gpt-4o": 1783989954.5923457, "github:openai/gpt-4o-mini": 1783977363.3935437}