{"gemini:gemini-3-flash-preview": 1784799126.4558628, "github:openai/gpt-4.1": 1784819092.4029522, "github:openai/gpt-4o": 1784819092.4029522}