{"gemini:gemini-3-flash-preview": 1783511483.7045743, "github:openai/gpt-4.1": 1783531283.7045743, "github:openai/gpt-4o": 1783531283.7045743}