{"gemini:gemini-3-flash-preview": 1784570520.3462899, "github:openai/gpt-4.1": 1784571667.538297, "github:openai/gpt-4.1-mini": 1784590183.8210473, "github:openai/gpt-4o": 1784571667.538297, "github:openai/gpt-4o-mini": 1784590183.8210473}