{"gemini:gemini-3-flash-preview": 1783968366.5231514, "github:openai/gpt-4.1-mini": 1783977363.3935437, "github:openai/gpt-4o-mini": 1783977363.3935437}