{"gemini:gemini-2.5-flash": 1783953122.1678495, "gemini:gemini-3-flash-preview": 1783953115.5098133, "github:openai/gpt-4.1": 1783964765.2840607, "github:openai/gpt-4o": 1783964765.2840607}