{"gemini:gemini-3-flash-preview": 1784501161.2906678, "github:openai/gpt-4.1": 1784511077.3176875, "github:openai/gpt-4o": 1784511077.3176875}