{"gemini:gemini-3-flash-preview": 1783438279.0884502, "github:openai/gpt-4.1": 1783458079.0884502}