{"github:deepseek/DeepSeek-V3-0324": 1782388007.7383432, "github:openai/gpt-4.1": 1782406887.1502497, "github:openai/gpt-4.1-mini": 1782406887.1502497, "github:openai/gpt-4o": 1782387992.1299965, "github:openai/gpt-4o-mini": 1782406887.1502497}