{"gemini:gemini-2.5-flash": 1783531170.387843, "gemini:gemini-3-flash-preview": 1783532108.594228, "github:openai/gpt-4.1": 1783531283.7045743, "github:openai/gpt-4.1-mini": 1783539065.7842348, "github:openai/gpt-4o": 1783531283.7045743, "github:openai/gpt-4o-mini": 1783539065.7842348}