{"github:deepseek/DeepSeek-V3-0324": 1781873152.024814, "github:meta/Llama-3.3-70B-Instruct": 1781873152.024814, "github:mistral-ai/Mistral-Large-2411": 1781873152.024814, "github:openai/gpt-4.1": 1781873152.024814, "github:openai/gpt-4.1-mini": 1781873152.024814, "github:openai/gpt-4o": 1781873152.024814, "github:openai/gpt-4o-mini": 1781873152.024814}