{"openai/gpt-4.1": 1781695850.5847757, "openai/gpt-4.1-mini": 1781698642.3665938, "openai/gpt-4o": 1781698642.3665938, "openai/gpt-4o-mini": 1781698642.3665938}