{"gemini:gemini-2.5-flash": 1784224870.9471996, "gemini:gemini-3-flash-preview": 1784224870.9471996, "github:openai/gpt-4.1": 1784235123.4614646, "github:openai/gpt-4o": 1784235123.4614646}