{"gemini:gemini-3-flash-preview": 1783449952.3192847, "github:openai/gpt-4.1": 1783458079.0884502}