{"gemini:gemini-3-flash-preview": 1784823005.3053148, "github:openai/gpt-4.1-mini": 1784840545.600336, "github:openai/gpt-4o-mini": 1784840545.600336}