{"gemini:gemini-3-flash-preview": 1783784771.249178, "github:openai/gpt-4.1": 1783792861.3526495, "github:openai/gpt-4.1-mini": 1783792861.3526495, "github:openai/gpt-4o": 1783792861.3526495, "github:openai/gpt-4o-mini": 1783792861.3526495}