{"github:deepseek/DeepSeek-V3-0324": 1782648070.214945, "github:openai/gpt-4.1": 1782648070.214945, "github:openai/gpt-4.1-mini": 1782648070.214945, "github:openai/gpt-4o": 1782648070.214945, "github:openai/gpt-4o-mini": 1782648070.214945}