{"github:deepseek/DeepSeek-V3-0324": 1782471704.7314517, "github:openai/gpt-4.1-mini": 1782482545.7314517, "github:openai/gpt-4o": 1782482545.7314517, "github:openai/gpt-4o-mini": 1782482545.7314517}