{"gemini:gemini-3-flash-preview": 1784151139.2510922, "github:openai/gpt-4.1-mini": 1784167271.6311564, "github:openai/gpt-4o-mini": 1784167271.6311564}