{"gemini:gemini-2.5-flash": 1784830373.794558, "gemini:gemini-3-flash-preview": 1784830373.794558, "github:openai/gpt-4.1": 1784846753.8090296, "github:openai/gpt-4.1-mini": 1784840545.600336, "github:openai/gpt-4o": 1784846753.8090296, "github:openai/gpt-4o-mini": 1784840545.600336}