{"gemini:gemini-3-flash-preview": 1783502578.418014, "github:openai/gpt-4.1": 1783505801.9201436}