{"gemini:gemini-3-flash-preview": 1782992853.3733408, "github:openai/gpt-4.1": 1783000474.4055288}