{"gemini:gemini-2.5-flash": 1782732785.5026927, "gemini:gemini-3-flash-preview": 1782731915.4559748, "github:openai/gpt-4.1": 1782742565.7710109, "github:openai/gpt-4o": 1782742565.7710109}