{"gemini:gemini-2.5-flash": 1782842457.6018486, "gemini:gemini-3-flash-preview": 1782842457.6018486, "github:openai/gpt-4.1": 1782856912.4545755, "github:openai/gpt-4o": 1782859150.6010392}