{"gemini:gemini-3-flash-preview": 1783849713.748602, "github:openai/gpt-4.1": 1783860851.6015525, "github:openai/gpt-4o": 1783860851.6015525}