{"gemini:gemini-3-flash-preview": 1783192540.4263725, "github:openai/gpt-4.1": 1783196143.3963125, "github:openai/gpt-4.1-mini": 1783206098.1217363, "github:openai/gpt-4o": 1783196143.3963125, "github:openai/gpt-4o-mini": 1783206098.1217363}