{"gemini:gemini-3-flash-preview": 1784569648.8452482, "github:openai/gpt-4.1": 1784571667.538297, "github:openai/gpt-4o": 1784571667.538297}