{"gemini:gemini-3-flash-preview": 1782994606.1025822, "github:openai/gpt-4.1": 1783000474.4055288}