{"gemini:gemini-3-flash-preview": 1783447709.9266472, "github:openai/gpt-4.1": 1783458079.0884502}