{"gemini:gemini-3-flash-preview": 1783486001.9201436, "github:openai/gpt-4.1": 1783505801.9201436}