{"gemini:gemini-2.5-flash": 1783349228.8394446, "github:openai/gpt-4.1": 1783360224.5850072, "github:openai/gpt-4o": 1783360224.5850072}