{"github:deepseek/DeepSeek-V3-0324": 1782411356.0418265, "github:openai/gpt-4o": 1782409543.0982192}