{"github:openai/gpt-4.1": 1782499642.631608, "github:openai/gpt-4.1-mini": 1782517547.575855, "github:openai/gpt-4o": 1782508798.7937927, "github:openai/gpt-4o-mini": 1782517547.575855}