{"github:openai/gpt-4.1": 1782008146.7512143, "github:openai/gpt-4.1-mini": 1782008146.7512143, "github:openai/gpt-4o": 1782008146.7512143, "github:openai/gpt-4o-mini": 1782008146.7512143}