{"github:deepseek/DeepSeek-V3-0324": 1782568908.0931056, "github:mistral-ai/Mistral-Large-2411": 1782570650.8141596, "github:openai/gpt-4.1": 1782570650.8141596, "github:openai/gpt-4.1-mini": 1782570650.8141596, "github:openai/gpt-4o": 1782570650.8141596, "github:openai/gpt-4o-mini": 1782570650.8141596}