{"gemini:gemini-3-flash-preview": 1784228472.3930068, "github:openai/gpt-4.1": 1784235123.4614646, "github:openai/gpt-4o": 1784235123.4614646}