{"gemini:gemini-2.5-flash": 1783518604.3170888, "gemini:gemini-3-flash-preview": 1783517476.437853, "github:openai/gpt-4.1": 1783531283.7045743, "github:openai/gpt-4o": 1783531283.7045743}