{"gemini:gemini-2.5-flash": 1784070125.6836634, "gemini:gemini-3-flash-preview": 1784071865.6836634, "github:openai/gpt-4.1": 1784091665.6836634, "github:openai/gpt-4.1-mini": 1784081798.0966272, "github:openai/gpt-4o": 1784091665.6836634, "github:openai/gpt-4o-mini": 1784081798.0966272}