{"gemini:gemini-2.5-flash": 1782730979.7772028, "gemini:gemini-3-flash-preview": 1782730037.5773888, "github:openai/gpt-4.1": 1782742565.7710109, "github:openai/gpt-4o": 1782742565.7710109}