{"github:openai/gpt-4.1": 1782288943.65067, "github:openai/gpt-4o": 1782300644.65067}