{"github:openai/gpt-4.1": 1782336805.4218001, "github:openai/gpt-4o": 1782322566.4218001}