{"github:openai/gpt-4.1": 1784378831.8848317, "github:openai/gpt-4o": 1784378831.8848317}