{"gemini:gemini-2.5-flash": 1782735357.3510983, "gemini:gemini-3-flash-preview": 1782734568.6619549, "github:openai/gpt-4.1": 1782742565.7710109, "github:openai/gpt-4o": 1782742565.7710109}