{"gemini:gemini-3-flash-preview": 1784042141.6713939, "github:openai/gpt-4.1": 1784061952.9533558, "github:openai/gpt-4o": 1784061952.9533558}