{"gemini:gemini-2.5-flash": 1782678716.9011552, "gemini:gemini-3-flash-preview": 1782680456.9011552, "github:openai/gpt-4.1": 1782694010.583108, "github:openai/gpt-4o": 1782694010.583108}