{"github:openai/gpt-4.1": 1783860851.6015525, "github:openai/gpt-4o": 1783860851.6015525}