{"gemini:gemini-2.5-flash": 1784573199.2712202, "gemini:gemini-3-flash-preview": 1784573199.2712202, "github:openai/gpt-4.1-mini": 1784590183.8210473, "github:openai/gpt-4o-mini": 1784590183.8210473}