{"gemini:gemini-3-flash-preview": 1784812540.5152116, "github:openai/gpt-4.1": 1784819092.4029522, "github:openai/gpt-4o": 1784819092.4029522}