{"gemini:gemini-2.5-flash": 1783974689.5772586, "gemini:gemini-3-flash-preview": 1783974678.4232247, "github:openai/gpt-4.1": 1783989954.5923457, "github:openai/gpt-4.1-mini": 1783977363.3935437, "github:openai/gpt-4o": 1783989954.5923457, "github:openai/gpt-4o-mini": 1783977363.3935437}