{"github:openai/gpt-4.1": 1782829849.999786, "github:openai/gpt-4o": 1782829849.999786}