{"gemini:gemini-2.5-flash": 1782740744.0834813, "gemini:gemini-3-flash-preview": 1782740744.0834813, "github:openai/gpt-4.1": 1782742565.7710109, "github:openai/gpt-4o": 1782742565.7710109}