{"gemini:gemini-3-flash-preview": 1783682266.001864, "github:openai/gpt-4.1": 1783686944.1002774}