{"gemini:gemini-3-flash-preview": 1782982029.597932, "github:openai/gpt-4.1": 1783000474.4055288}