{"gemini:gemini-3-flash-preview": 1784808075.3649518, "github:openai/gpt-4.1": 1784819092.4029522, "github:openai/gpt-4o": 1784819092.4029522}