{"gemini:gemini-2.5-flash": 1784737959.948405, "gemini:gemini-3-flash-preview": 1784737883.0201898, "github:openai/gpt-4.1": 1784746933.5144582, "github:openai/gpt-4o": 1784746933.5144582}