{"gemini:gemini-2.5-flash": 1784842261.7052891, "github:openai/gpt-4.1": 1784846753.8090296, "github:openai/gpt-4o": 1784846753.8090296}