{"gemini:gemini-3-flash-preview": 1783451803.9802406, "github:openai/gpt-4.1": 1783458079.0884502}