{"gemini:gemini-3-flash-preview": 1784804518.366166, "github:openai/gpt-4.1": 1784819092.4029522, "github:openai/gpt-4o": 1784819092.4029522}