{"gemini:gemini-3-flash-preview": 1783442744.2558055, "github:openai/gpt-4.1": 1783458079.0884502}