{"gemini:gemini-3-flash-preview": 1784215981.0709844, "github:openai/gpt-4.1": 1784235123.4614646, "github:openai/gpt-4o": 1784235123.4614646}