{"gemini:gemini-2.5-flash": 1784817061.5788763, "gemini:gemini-3-flash-preview": 1784817061.5788763, "github:openai/gpt-4.1": 1784819092.4029522, "github:openai/gpt-4o": 1784819092.4029522}