{"gemini:gemini-2.5-flash": 1782827315.3243134, "gemini:gemini-3-flash-preview": 1782827159.294257, "github:openai/gpt-4.1": 1782829849.999786, "github:openai/gpt-4o": 1782829849.999786}