{"github:deepseek/DeepSeek-V3-0324": 1781988413.359966, "github:openai/gpt-4.1": 1782008146.7512143, "github:openai/gpt-4.1-mini": 1782008146.7512143, "github:openai/gpt-4o": 1782008146.7512143, "github:openai/gpt-4o-mini": 1782008146.7512143}