{"gemini:gemini-3-flash-preview": 1784132146.2328947, "github:openai/gpt-4.1": 1784146553.8128471, "github:openai/gpt-4o": 1784146553.8128471}