{"gemini:gemini-3-flash-preview": 1784567747.6261523, "github:openai/gpt-4.1": 1784571667.538297, "github:openai/gpt-4o": 1784571667.538297}