{"gemini:gemini-2.5-flash": 1783186281.3320508, "gemini:gemini-3-flash-preview": 1783186281.3320508, "github:openai/gpt-4.1": 1783196143.3963125, "github:openai/gpt-4.1-mini": 1783206098.1217363, "github:openai/gpt-4o": 1783196143.3963125, "github:openai/gpt-4o-mini": 1783206098.1217363}