{"gemini:gemini-2.5-flash": 1784747762.0856428, "gemini:gemini-3-flash-preview": 1784748663.601437, "github:openai/gpt-4.1": 1784746933.5144582, "github:openai/gpt-4.1-mini": 1784767562.0856428, "github:openai/gpt-4o": 1784746933.5144582, "github:openai/gpt-4o-mini": 1784767562.0856428}