{"gemini:gemini-3-flash-preview": 1783080126.0253847, "github:openai/gpt-4.1": 1783080126.0253847}