{"gemini:gemini-3-flash-preview": 1783971106.811872, "github:openai/gpt-4.1": 1783989954.5923457, "github:openai/gpt-4.1-mini": 1783977363.3935437, "github:openai/gpt-4o": 1783989954.5923457, "github:openai/gpt-4o-mini": 1783977363.3935437}