{"github:mistral-ai/Mistral-Large-2411": 1782316902.9575644, "github:openai/gpt-4.1": 1782336805.4218001, "github:openai/gpt-4o": 1782322566.4218001}