{"gemini:gemini-3-flash-preview": 1782835372.4545755, "github:openai/gpt-4.1": 1782856912.4545755}