{"github:openai/gpt-4.1": 1784061952.9533558, "github:openai/gpt-4.1-mini": 1784081798.0966272, "github:openai/gpt-4o": 1784061952.9533558, "github:openai/gpt-4o-mini": 1784081798.0966272}