{"gemini:gemini-3-flash-preview": 1782685910.746698, "github:openai/gpt-4.1": 1782694010.583108, "github:openai/gpt-4o": 1782694010.583108}