{"github:deepseek/DeepSeek-V3-0324": 1782225059.2044628, "github:openai/gpt-4.1": 1782225059.2044628, "github:openai/gpt-4.1-mini": 1782225059.2044628, "github:openai/gpt-4o": 1782225059.2044628, "github:openai/gpt-4o-mini": 1782225059.2044628}