{"gemini:gemini-3-flash-preview": 1783455348.6290247, "github:openai/gpt-4.1": 1783458079.0884502}