{"gemini:gemini-3-flash-preview": 1783493185.575037, "github:openai/gpt-4.1": 1783505801.9201436}