{"github:openai/gpt-4.1": 1783196143.3963125, "github:openai/gpt-4o": 1783196143.3963125}