{"gemini:gemini-2.5-flash": 1784145933.2448082, "gemini:gemini-3-flash-preview": 1784145753.2427094, "github:openai/gpt-4.1": 1784146553.8128471, "github:openai/gpt-4o": 1784146553.8128471}