{"github:openai/gpt-4.1": 1782081047.105649, "github:openai/gpt-4.1-mini": 1782081047.105649, "github:openai/gpt-4o": 1782081047.105649, "github:openai/gpt-4o-mini": 1782081047.105649}