{"gemini:gemini-2.5-flash": 1782743469.8840885, "gemini:gemini-3-flash-preview": 1782742596.5610683}