{"gemini:gemini-3-flash-preview": 1784154677.6918523, "github:openai/gpt-4.1-mini": 1784167271.6311564, "github:openai/gpt-4o-mini": 1784167271.6311564}