{"gemini:gemini-3-flash-preview": 1782999076.9936185, "github:openai/gpt-4.1": 1783000474.4055288}