{"gemini:gemini-3-flash-preview": 1782938958.528044, "github:openai/gpt-4.1": 1782959844.7133756}