{"gemini:gemini-3-flash-preview": 1783687560.0084844, "github:openai/gpt-4.1": 1783686944.1002774}