{"gemini:gemini-3-flash-preview": 1784468747.9833207, "github:openai/gpt-4.1": 1784467179.8546548, "github:openai/gpt-4o": 1784467179.8546548}