{"gemini:gemini-3-flash-preview": 1783445611.8992927, "github:openai/gpt-4.1": 1783458079.0884502}