{"gemini:gemini-3-flash-preview": 1783491382.6302881, "github:openai/gpt-4.1": 1783505801.9201436}