{"gemini:gemini-2.5-flash": 1784309454.7474504, "gemini:gemini-3-flash-preview": 1784309462.0114741, "github:openai/gpt-4.1": 1784318465.4902642, "github:openai/gpt-4.1-mini": 1784318465.4902642, "github:openai/gpt-4o": 1784318465.4902642, "github:openai/gpt-4o-mini": 1784318465.4902642}