{"gemini:gemini-2.5-flash": 1784650621.22156, "gemini:gemini-3-flash-preview": 1784649656.4477131, "github:openai/gpt-4.1": 1784661358.0604408, "github:openai/gpt-4.1-mini": 1784661358.0604408, "github:openai/gpt-4o": 1784661358.0604408, "github:openai/gpt-4o-mini": 1784661358.0604408}