{"gemini:gemini-2.5-flash": 1784584282.521826, "gemini:gemini-3-flash-preview": 1784584282.521826, "github:openai/gpt-4.1": 1784594745.2723196, "github:openai/gpt-4.1-mini": 1784590183.8210473, "github:openai/gpt-4o": 1784594745.2723196, "github:openai/gpt-4o-mini": 1784590183.8210473}