{"github:deepseek/DeepSeek-V3-0324": 1782478923.2452118, "github:openai/gpt-4.1": 1782499642.631608, "github:openai/gpt-4.1-mini": 1782482545.7314517, "github:openai/gpt-4o": 1782482545.7314517, "github:openai/gpt-4o-mini": 1782482545.7314517}