{"github:deepseek/DeepSeek-V3-0324": 1782057662.4940372, "github:openai/gpt-4.1": 1782057662.4940372, "github:openai/gpt-4.1-mini": 1782057662.4940372, "github:openai/gpt-4o": 1782057662.4940372, "github:openai/gpt-4o-mini": 1782057662.4940372}