{"github:deepseek/DeepSeek-V3-0324": 1782564435.8141596, "github:meta/Llama-3.3-70B-Instruct": 1782564441.8141596, "github:mistral-ai/Mistral-Large-2411": 1782570650.8141596, "github:openai/gpt-4.1": 1782570650.8141596, "github:openai/gpt-4.1-mini": 1782570650.8141596, "github:openai/gpt-4o": 1782570650.8141596, "github:openai/gpt-4o-mini": 1782570650.8141596}