{"gemini:gemini-2.5-flash": 1783551674.5542598, "gemini:gemini-3-flash-preview": 1783549892.1752796, "github:openai/gpt-4.1": 1783569692.1752796, "github:openai/gpt-4o": 1783569692.1752796}