{"gemini:gemini-2.5-flash": 1784052068.972, "gemini:gemini-3-flash-preview": 1784052068.972, "github:openai/gpt-4.1": 1784061952.9533558, "github:openai/gpt-4o": 1784061952.9533558}