{"gemini:gemini-3-flash-preview": 1783363557.6692002, "github:openai/gpt-4.1-mini": 1783370928.1416495, "github:openai/gpt-4o-mini": 1783370928.1416495}