{"gemini:gemini-3-flash-preview": 1783948766.4138117, "github:openai/gpt-4.1": 1783964765.2840607, "github:openai/gpt-4o": 1783964765.2840607}