{"gemini:gemini-2.5-flash": 1782735357.3510983, "github:openai/gpt-4.1": 1782742565.7710109, "github:openai/gpt-4o": 1782742565.7710109}