{"gemini:gemini-3-flash-preview": 1784740614.9649413, "github:openai/gpt-4.1": 1784746933.5144582, "github:openai/gpt-4o": 1784746933.5144582}