{"gemini:gemini-3-flash-preview": 1783439213.0946589, "github:openai/gpt-4.1": 1783458079.0884502}