{"github:openai/gpt-4.1": 1782856912.4545755, "github:openai/gpt-4o": 1782859150.6010392}