{"gemini:gemini-2.5-flash": 1784506079.1742666, "gemini:gemini-3-flash-preview": 1784505913.2874937, "github:openai/gpt-4.1": 1784511077.3176875, "github:openai/gpt-4o": 1784511077.3176875}