{"gemini:gemini-2.5-flash": 1783956667.3141124, "gemini:gemini-3-flash-preview": 1783956667.3141124, "github:openai/gpt-4.1": 1783964765.2840607, "github:openai/gpt-4.1-mini": 1783977363.3935437, "github:openai/gpt-4o": 1783964765.2840607, "github:openai/gpt-4o-mini": 1783977363.3935437}