{"gemini:gemini-2.5-flash": 1784728927.8858006, "gemini:gemini-3-flash-preview": 1784728973.9247422, "github:openai/gpt-4.1": 1784746933.5144582, "github:openai/gpt-4o": 1784746933.5144582}