{"gemini:gemini-3-flash-preview": 1784058349.683483, "github:openai/gpt-4.1": 1784061952.9533558, "github:openai/gpt-4o": 1784061952.9533558}