{"gemini:gemini-2.5-flash": 1782859862.3354926, "gemini:gemini-3-flash-preview": 1782858654.2604868, "github:openai/gpt-4.1": 1782879662.3354926, "github:openai/gpt-4.1-mini": 1782867663.9800148, "github:openai/gpt-4o": 1782859150.6010392, "github:openai/gpt-4o-mini": 1782867663.9800148}