{"github:openai/gpt-4.1": 1782499642.631608, "github:openai/gpt-4.1-mini": 1782482545.7314517, "github:openai/gpt-4o": 1782482545.7314517, "github:openai/gpt-4o-mini": 1782482545.7314517}