{"gemini:gemini-2.5-flash": 1783182662.9377115, "gemini:gemini-3-flash-preview": 1783182662.9377115, "github:openai/gpt-4.1": 1783196143.3963125, "github:openai/gpt-4o": 1783196143.3963125}