{"gemini:gemini-2.5-flash": 1782737372.2565277, "gemini:gemini-3-flash-preview": 1782737139.8043492, "github:openai/gpt-4.1": 1782742565.7710109, "github:openai/gpt-4o": 1782742565.7710109}