{"gemini:gemini-3-flash-preview": 1782824659.6464767, "github:openai/gpt-4.1": 1782829849.999786, "github:openai/gpt-4o": 1782829849.999786}