{"gemini:gemini-3-flash-preview": 1783506726.5030837, "github:openai/gpt-4.1": 1783505801.9201436}