{"github:openai/gpt-4.1": 1782375351.9503133, "github:openai/gpt-4o": 1782387992.1299965}