{"github:openai/gpt-4.1": 1781906459.7926486, "github:openai/gpt-4.1-mini": 1781906459.7926486, "github:openai/gpt-4o": 1781906459.7926486, "github:openai/gpt-4o-mini": 1781906459.7926486}