{"github:deepseek/DeepSeek-V3-0324": 1782519344.6881754, "github:meta/Llama-3.3-70B-Instruct": 1782528355.3636708, "github:mistral-ai/Mistral-Large-2411": 1782521185.3660502, "github:openai/gpt-4.1": 1782521313.3779652, "github:openai/gpt-4.1-mini": 1782517547.575855, "github:openai/gpt-4o-mini": 1782517547.575855}