{"openai/gpt-4.1": 1781749925.7751122, "openai/gpt-4.1-mini": 1781746309.3124044, "openai/gpt-4o": 1781746309.3124044, "openai/gpt-4o-mini": 1781746309.3124044}