{"gemini:gemini-2.5-flash": 1784820734.7514143, "gemini:gemini-3-flash-preview": 1784820705.6645284, "github:openai/gpt-4.1-mini": 1784840545.600336, "github:openai/gpt-4o-mini": 1784840545.600336}