{"gemini:gemini-2.5-flash": 1783019126.9905107, "gemini:gemini-3-flash-preview": 1783020807.2707927, "github:openai/gpt-4.1": 1783035172.4348767, "github:openai/gpt-4.1-mini": 1783029671.3121727, "github:openai/gpt-4o": 1783029671.3121727, "github:openai/gpt-4o-mini": 1783029671.3121727}