{"gemini:gemini-2.5-flash": 1784814398.9898655, "gemini:gemini-3-flash-preview": 1784812658.9898655, "github:openai/gpt-4.1": 1784819092.4029522, "github:openai/gpt-4o": 1784819092.4029522}