{"gemini:gemini-3-flash-preview": 1784837390.1576672, "github:openai/gpt-4.1": 1784846753.8090296, "github:openai/gpt-4.1-mini": 1784840545.600336, "github:openai/gpt-4o": 1784846753.8090296, "github:openai/gpt-4o-mini": 1784840545.600336}