{"gemini:gemini-2.5-flash": 1783180464.1024725, "gemini:gemini-3-flash-preview": 1783180093.290483, "github:openai/gpt-4.1": 1783196143.3963125, "github:openai/gpt-4o": 1783196143.3963125}