{"github:openai/gpt-4.1": 1783296069.3262901, "github:openai/gpt-4o": 1783296069.3262901}