{"github:deepseek/DeepSeek-V3-0324": 1781815571.619714, "github:openai/gpt-4.1": 1781811883.4519737, "github:openai/gpt-4.1-mini": 1781814879.5851946, "github:openai/gpt-4o": 1781814656.6637676, "github:openai/gpt-4o-mini": 1781814879.5851946}