{"github:openai/gpt-4.1": 1782257766.9973729, "github:openai/gpt-4o": 1782272029.938999}