{"gemini:gemini-3-flash-preview": 1783348414.3950672, "github:openai/gpt-4.1": 1783360224.5850072, "github:openai/gpt-4o": 1783360224.5850072}