{"gemini:gemini-3-flash-preview": 1783675031.6478817, "github:openai/gpt-4.1": 1783686944.1002774}