{"github:openai/gpt-4.1": 1783479701.1096606, "github:openai/gpt-4o": 1783480558.9624894}