{"gemini:gemini-2.5-flash": 1784827009.9136682, "gemini:gemini-3-flash-preview": 1784827058.9846551, "github:openai/gpt-4.1": 1784846753.8090296, "github:openai/gpt-4.1-mini": 1784840545.600336, "github:openai/gpt-4o": 1784846753.8090296, "github:openai/gpt-4o-mini": 1784840545.600336}