{"gemini:gemini-3-flash-preview": 1784305006.2495563, "github:openai/gpt-4.1": 1784318465.4902642, "github:openai/gpt-4.1-mini": 1784318465.4902642, "github:openai/gpt-4o": 1784318465.4902642, "github:openai/gpt-4o-mini": 1784318465.4902642}