{"gemini:gemini-2.5-flash": 1783964804.8901203, "gemini:gemini-3-flash-preview": 1783964796.7232952, "github:openai/gpt-4.1": 1783964765.2840607, "github:openai/gpt-4.1-mini": 1783977363.3935437, "github:openai/gpt-4o": 1783964765.2840607, "github:openai/gpt-4o-mini": 1783977363.3935437}