{"gemini:gemini-3-flash-preview": 1783678668.3547232, "github:openai/gpt-4.1": 1783686944.1002774}