{"gemini:gemini-3-flash-preview": 1784134965.9305344, "github:openai/gpt-4.1": 1784146553.8128471, "github:openai/gpt-4o": 1784146553.8128471}