{"github:deepseek/DeepSeek-V3-0324": 1782072948.105649, "github:meta/Llama-3.3-70B-Instruct": 1782073945.33995, "github:mistral-ai/Mistral-Large-2411": 1782073945.33995, "github:openai/gpt-4.1": 1782081047.105649, "github:openai/gpt-4.1-mini": 1782081047.105649, "github:openai/gpt-4o": 1782081047.105649, "github:openai/gpt-4o-mini": 1782081047.105649}