{"github:openai/gpt-4.1": 1782499642.631608, "github:openai/gpt-4o": 1782508798.7937927}