{"gemini:gemini-3-flash-preview": 1783684943.0443845, "github:openai/gpt-4.1": 1783686944.1002774}